ticker,name,market
462310.KS,뉴키즈온,코스피
234030.KS,싸이닉솔루션,코스피
463020.KS,뉴엔AI,코스피
388610.KS,지에프씨생명과학,코스피
455180.KS,케이지에이,코스피
340450.KS,지씨지놈,코스피
474650.KS,링크솔루션,코스피
475430.KS,키스트론,코스피
496070.KS,신한제16호스팩,코스피
287840.KS,인투셀,코스피
483650.KS,달바글로벌,코스피
489460.KS,바이오비쥬,코스피
424870.KS,이뮨온시아,코스피
188040.KS,바이오포트,코스피
125020.KS,티씨머티리얼즈,코스피
376900.KS,로킷헬스케어,코스피
476040.KS,오가노이드사이언스,코스피
136150.KS,원일티엔아이,코스피
459510.KS,나우로보틱스,코스피
364950.KS,에이아이코리아,코스피
448900.KS,한국피아이엠,코스피
481070.KS,에이유브랜즈,코스피
101970.KS,우양에이치씨,코스피
462860.KS,더즌,코스피
444530.KS,심플랫폼,코스피
484810.KS,티엑스알로보틱스,코스피
498390.KS,한화플러스제5호스팩,코스피
480370.KS,씨케이솔루션,코스피
460870.KS,에스엠씨지,코스피
226590.KS,엠디바이스,코스피
393970.KS,대진첨단소재,코스피
435570.KS,에르코스,코스피
489500.KS,엘케이켐,코스피
479960.KS,위너스,코스피
463480.KS,모티브링크,코스피
303810.KS,동국생명과학,코스피
475830.KS,오름테라퓨틱,코스피
240550.KS,동방메디컬,코스피
212710.KS,아이에스티이,코스피
462980.KS,아이지넷,코스피
452450.KS,피아이이,코스피
482630.KS,삼양엔씨켐,코스피
373160.KS,데이원컴퍼니,코스피
450950.KS,아스테라시스,코스피
475460.KS,미트박스,코스피
493790.KS,유안타제17호스팩,코스피
478560.KS,블랙야크아이앤씨,코스피
332190.KS,오션스바이오,코스피
432980.KS,엠에프씨,코스피
387570.KS,파인메딕스,코스피
177900.KS,쓰리에이로직스,코스피
499790.KS,GS피앤엘,코스피
487360.KS,신한제14호스팩,코스피
495810.KS,유비씨,코스피
368030.KS,창대정밀,코스피
176750.KS,듀켐바이오,코스피
487720.KS,키움제10호스팩,코스피
398120.KS,에스지헬스케어,코스피
476060.KS,온코닉테라퓨틱스,코스피
382150.KS,온코크로스,코스피
457600.KS,벡트,코스피
484870.KS,엠앤씨솔루션,코스피
471820.KS,셀로맥스사이언스,코스피
495900.KS,에이엠시지,코스피
492220.KS,KB제31호스팩,코스피
489480.KS,키움제11호스팩,코스피
415640.KS,KB발해인프라,코스피
489730.KS,디비금융제13호스팩,코스피
489210.KS,교보17호스팩,코스피
482690.KS,대신밸런스제19호스팩,코스피
459100.KS,위츠,코스피
389680.KS,유디엠텍,코스피
474610.KS,RF시스템즈,코스피
466410.KS,사이냅소프트,코스피
484130.KS,하나34호스팩,코스피
475660.KS,에스켐,코스피
413390.KS,엠오티,코스피
487830.KS,신한제15호스팩,코스피
394800.KS,쓰리빌리언,코스피
464580.KS,닷밀,코스피
473980.KS,노머스,코스피
163280.KS,에어레인,코스피
475960.KS,토모큐브,코스피
475560.KS,더본코리아,코스피
376270.KS,에이치이엠파마,코스피
475580.KS,에이럭스,코스피
336680.KS,탑런토탈솔루션,코스피
458650.KS,성우,코스피
488060.KS,유진스팩11호,코스피
476710.KS,타조엔터테인먼트,코스피
466100.KS,클로봇,코스피
289930.KS,웨이비스,코스피
475400.KS,씨메스,코스피
457370.KS,한켐,코스피
474170.KS,루미르,코스피
209640.KS,와이제이링크,코스피
465480.KS,인스피언,코스피
308430.KS,셀비온,코스피
381620.KS,제닉스,코스피
351870.KS,차이커뮤니케이션,코스피
489790.KS,한화비전,코스피
486630.KS,KB제30호스팩,코스피
464500.KS,아이언디바이스,코스피
482680.KS,미래에셋비전스팩7호,코스피
469750.KS,아이비젼웍스,코스피
461300.KS,아이스크림미디어,코스피
456070.KS,이엔셀,코스피
476080.KS,M83,코스피
478780.KS,대신밸런스제18호스팩,코스피
464280.KS,티디에스팜,코스피
389650.KS,넥스트바이오메디컬,코스피
431190.KS,케이쓰리아이,코스피
482520.KS,교보16호스팩,코스피
199480.KS,뱅크웨어글로벌,코스피
460470.KS,아이빔테크놀로지,코스피
460940.KS,피앤에스로보틱스,코스피
487570.KS,HS효성,코스피
481890.KS,엔에이치스팩31호,코스피
473950.KS,SK증권제13호스팩,코스피
373110.KS,엑셀세라퓨틱스,코스피
478110.KS,이베스트스팩6호,코스피
462870.KS,시프트업,코스피
450330.KS,하스,코스피
462350.KS,이노스페이스,코스피
481850.KS,신한글로벌액티브리츠,코스피
295310.KS,에이치브이엠,코스피
266350.KS,팡스카이,코스피
160190.KS,하이젠알앤엠,코스피
479880.KS,한국제15호스팩,코스피
464080.KS,에스오에스랩,코스피
478440.KS,미래에셋비전스팩6호,코스피
477340.KS,에이치엠씨제7호스팩,코스피
107640.KS,한중엔시에스,코스피
478390.KS,KB제29호스팩,코스피
477470.KS,미래에셋비전스팩5호,코스피
458870.KS,씨어스테크놀로지,코스피
477760.KS,디비금융스팩12호,코스피
462510.KS,라메디텍,코스피
453450.KS,그리드위즈,코스피
323350.KS,다원넥스뷰,코스피
477380.KS,미래에셋비전스팩4호,코스피
145170.KS,노브랜드,코스피
456010.KS,아이씨티케이,코스피
443060.KS,HD현대마린솔루션,코스피
473000.KS,SK증권제12호스팩,코스피
126730.KS,코칩,코스피
452200.KS,민테크,코스피
140430.KS,카티스,코스피
347850.KS,디앤디파마텍,코스피
474490.KS,유안타제16호스팩,코스피
412540.KS,제일엠앤에스,코스피
451250.KS,삐아,코스피
475250.KS,하나33호스팩,코스피
474930.KS,신한제13호스팩,코스피
474660.KS,신한제12호스팩,코스피
461030.KS,아이엠비디엑스,코스피
475150.KS,SK이터닉스,코스피
475240.KS,하나32호스팩,코스피
455900.KS,엔젤로보틱스,코스피
420570.KS,제이투케이바이오,코스피
437730.KS,삼현,코스피
199430.KS,케이엔알시스템,코스피
473370.KS,비엔케이제2호스팩,코스피
469900.KS,하나31호스팩,코스피
472230.KS,SK증권제11호스팩,코스피
473050.KS,유안타제15호스팩,코스피
468760.KS,유진스팩10호,코스피
278470.KS,에이피알,코스피
418620.KS,E8,코스피
360350.KS,코셈,코스피
452430.KS,사피엔반도체,코스피
443670.KS,에스피소프트,코스피
415380.KS,스튜디오삼익,코스피
472220.KS,신영스팩10호,코스피
472850.KS,폰드그룹,코스피
469480.KS,IBKS제24호스팩,코스피
199550.KS,레이저옵텍,코스피
452400.KS,이닉스,코스피
105760.KS,포스뱅크,코스피
460930.KS,현대힘스,코스피
440290.KS,HB인베스트먼트,코스피
362990.KS,드림인사이트,코스피
471050.KS,대신밸런스제17호스팩,코스피
457550.KS,우진엔텍,코스피
267080.KS,세븐브로이맥주,코스피
452190.KS,한빛레이저,코스피
467930.KS,IBKS제23호스팩,코스피
469880.KS,하나30호스팩,코스피
109670.KS,씨싸이트,코스피
439580.KS,블루엠텍,코스피
417200.KS,LS머트리얼즈,코스피
432470.KS,케이엔에스,코스피
465320.KS,교보15호스팩,코스피
338840.KS,와이바이오로직스,코스피
355690.KS,에이텀,코스피
466910.KS,엔에이치스팩30호,코스피
453860.KS,에이에스텍,코스피
402490.KS,그린리소스,코스피
452160.KS,제이엔비,코스피
452280.KS,한선엔지니어링,코스피
111380.KS,동인기연,코스피
448280.KS,에코아이,코스피
352090.KS,스톰테크,코스피
450080.KS,에코프로머티,코스피
452300.KS,캡스톤파트너스,코스피
296160.KS,프로젠,코스피
365330.KS,에스와이스틸텍,코스피
445090.KS,에이직랜드,코스피
464440.KS,한국제13호스팩,코스피
446540.KS,메가터치,코스피
413640.KS,비아이매트릭스,코스피
451760.KS,컨텍,코스피
372320.KS,큐로셀,코스피
464680.KS,KB제27호스팩,코스피
188260.KS,세니젠,코스피
290560.KS,신시웨이,코스피
240600.KS,유진테크놀로지,코스피
221800.KS,유투바이오,코스피
432720.KS,퀄리타스반도체,코스피
351020.KS,미쥬,코스피
396470.KS,워트,코스피
246250.KS,에스엘에스바이오,코스피
416180.KS,신성에스티,코스피
445180.KS,퓨릿,코스피
289170.KS,바이오텐,코스피
462020.KS,에이치엠씨제6호스팩,코스피
451220.KS,아이엠티,코스피
443250.KS,레뷰코퍼레이션,코스피
454910.KS,두산로보틱스,코스피
452980.KS,신한제11호스팩,코스피
430690.KS,한싹,코스피
418470.KS,KT밀리의서재,코스피
450520.KS,인스웨이브,코스피
403490.KS,우듬지팜,코스피
384470.KS,코어라인소프트,코스피
465770.KS,STX그린로지스,코스피
452670.KS,상상인제4호스팩,코스피
146060.KS,율촌,코스피
455310.KS,한화플러스제4호스팩,코스피
457630.KS,대신밸런스제16호스팩,코스피
444920.KS,유안타제11호스팩,코스피
355390.KS,크라우드웍스,코스피
458610.KS,한국제12호스팩,코스피
418250.KS,시큐레터,코스피
424960.KS,스마트레이더시스템,코스피
210120.KS,캔버스엔,코스피
457940.KS,SK증권제10호스팩,코스피
448710.KS,코츠테크놀로지,코스피
445680.KS,큐리옥스바이오시스템즈,코스피
454750.KS,하나28호스팩,코스피
440110.KS,파두,코스피
373170.KS,엠아이큐브솔루션,코스피
429270.KS,시지트로닉스,코스피
446440.KS,에피바이오텍,코스피
462520.KS,조선내화,코스피
172670.KS,에이엘티,코스피
450940.KS,유안타제14호스팩,코스피
388870.KS,파로스아이바이오,코스피
456700.KS,길교이앤씨,코스피
438700.KS,버넥트,코스피
406820.KS,뷰티스킨,코스피
455910.KS,SK증권제9호스팩,코스피
432430.KS,와이랩,코스피
321370.KS,센서뷰,코스피
456570.KS,아이엠지티,코스피
378340.KS,필에너지,코스피
456490.KS,교보14호스팩,코스피
274400.KS,이노시뮬레이션,코스피
354320.KS,알멕,코스피
440320.KS,오픈놀,코스피
232830.KS,아이티센피엔에스,코스피
454640.KS,하나29호스팩,코스피
455250.KS,KB제25호스팩,코스피
451700.KS,엔에이치스팩29호,코스피
450050.KS,하이제8호스팩,코스피
296520.KS,가이아코퍼레이션,코스피
460850.KS,동국씨엠,코스피
460860.KS,동국제강,코스피
303360.KS,프로티아,코스피
348080.KS,큐라티스,코스피
439090.KS,마녀공장,코스피
405920.KS,나라셀라,코스피
285800.KS,진영,코스피
457190.KS,이수스페셜티케미컬,코스피
456040.KS,OCI,코스피
420770.KS,기가비스,코스피
271830.KS,팸텍,코스피
434480.KS,모니터랩,코스피
340810.KS,시선AI,코스피
456190.KS,큐라켐,코스피
446840.KS,키움제8호스팩,코스피
417790.KS,트루엔,코스피
304360.KS,에스바이오메딕스,코스피
298830.KS,슈어소프트테크,코스피
393210.KS,토마토시스템,코스피
424980.KS,마이크로투나노,코스피
318160.KS,셀바이오휴먼텍,코스피
100090.KS,SK오션플랜트,코스피
448730.KS,삼성FN리츠,코스피
453340.KS,현대그린푸드,코스피
448830.KS,미래에셋비전스팩3호,코스피
448760.KS,IBKS제22호스팩,코스피
448370.KS,하나27호스팩,코스피
452260.KS,한화갤러리아,코스피
358570.KS,지아이이노베이션,코스피
309960.KS,LB인베스트먼트,코스피
451800.KS,한화리츠,코스피
446150.KS,유안타제12호스팩,코스피
356680.KS,엑스게이트,코스피
442900.KS,미래에셋드림스팩1호,코스피
282720.KS,금양그린파워,코스피
418420.KS,라온텍,코스피
389020.KS,자람테크놀로지,코스피
446750.KS,하나26호스팩,코스피
417010.KS,나노팀,코스피
199730.KS,바이오인프라,코스피
448740.KS,삼성스팩8호,코스피
449020.KS,유안타제13호스팩,코스피
446190.KS,미래에셋비전스팩2호,코스피
344860.KS,이노진,코스피
127980.KS,화인써키트,코스피
418550.KS,제이오,코스피
411080.KS,샌즈랩,코스피
407400.KS,꿈비,코스피
408900.KS,스튜디오미르,코스피
419050.KS,삼기에너지솔루션즈,코스피
450140.KS,코오롱모빌리티그룹,코스피
417860.KS,오브젠,코스피
254490.KS,미래반도체,코스피
289860.KS,지슨,코스피
425040.KS,티이엠씨,코스피
198940.KS,한주라이트메탈,코스피
380540.KS,옵티코어,코스피
447690.KS,아이오바이오,코스피
346010.KS,타이드,코스피
445970.KS,신영스팩9호,코스피
162300.KS,신스틸,코스피
377740.KS,바이오노트,코스피
445360.KS,비엔케이제1호스팩,코스피
448780.KS,마이크로엔엑스,코스피
390110.KS,애니메디솔루션,코스피
442770.KS,IBKS제21호스팩,코스피
440820.KS,엔에이치스팩27호,코스피
417180.KS,핑거스토리,코스피
419530.KS,SAMG엔터,코스피
102950.KS,아하,코스피
311960.KS,인터로이드,코스피
446070.KS,유니드비티플러스,코스피
168360.KS,펨트론,코스피
389470.KS,인벤티지랩,코스피
419080.KS,엔젯,코스피
204610.KS,티쓰리,코스피
425420.KS,티에프이,코스피
372170.KS,윤성에프앤씨,코스피
383930.KS,디티앤씨알오,코스피
348340.KS,뉴로메카,코스피
417500.KS,제이아이테크,코스피
108320.KS,LX세미콘,코스피
405100.KS,큐알티,코스피
417840.KS,저스템,코스피
419120.KS,산돌,코스피
434190.KS,탈로스,코스피
405000.KS,플라즈맵,코스피
291810.KS,핀텔,코스피
378800.KS,샤페론,코스피
419540.KS,비스토스,코스피
360070.KS,탑머티리얼,코스피
389500.KS,에스비비테크,코스피
368970.KS,오에스피,코스피
417970.KS,모델솔루션,코스피
296640.KS,이노룰스,코스피
441270.KS,파인엠텍,코스피
432320.KS,KB스타리츠,코스피
393890.KS,더블유씨피,코스피
314140.KS,알피바이오,코스피
413300.KS,티엘엔지니어링,코스피
394280.KS,오픈엣지테크놀로지,코스피
430220.KS,신영스팩8호,코스피
129920.KS,대성하이텍,코스피
403550.KS,쏘카,코스피
148930.KS,에이치와이티씨,코스피
107600.KS,새빗켐,코스피
126720.KS,수산인더스트리,코스피
368600.KS,아이씨에이치,코스피
365340.KS,성일하이텍,코스피
397030.KS,에이프릴바이오,코스피
341170.KS,퓨쳐메디신,코스피
424760.KS,벨로크,코스피
328130.KS,루닛,코스피
354390.KS,바스칸바이오제약,코스피
403870.KS,HPSP,코스피
112290.KS,와이씨켐,코스피
402030.KS,코난테크놀로지,코스피
396270.KS,넥스트칩,코스피
412350.KS,레이저쎌,코스피
310210.KS,보로노이,코스피
377460.KS,위니아에이드,코스피
148780.KS,비큐AI,코스피
382900.KS,범한퓨얼셀,코스피
176590.KS,코나솔,코스피
362320.KS,청담글로벌,코스피
357430.KS,마스턴프리미어리츠,코스피
399720.KS,가온칩스,코스피
389260.KS,대명에너지,코스피
389140.KS,포바이포,코스피
388050.KS,지투파워,코스피
413630.KS,씨피시스템,코스피
417310.KS,코람코더원리츠,코스피
396300.KS,세아메카닉스,코스피
366030.KS,공구우먼,코스피
388720.KS,유일로보틱스,코스피
288980.KS,모아데이타,코스피
408920.KS,메쎄이상,코스피
376930.KS,노을,코스피
146320.KS,비씨엔씨,코스피
371950.KS,풍원정밀,코스피
330730.KS,스톤브릿지벤처스,코스피
365900.KS,브이씨,코스피
370090.KS,퓨런티어,코스피
251120.KS,바이오에프디엔씨,코스피
211050.KS,인카금융서비스,코스피
137080.KS,나래나노텍,코스피
136410.KS,아셈스,코스피
276040.KS,스코넥,코스피
377330.KS,이지트로닉스,코스피
373220.KS,LG에너지솔루션,코스피
179530.KS,애드바이오텍,코스피
102370.KS,케이옥션,코스피
169670.KS,코스텍시스템,코스피
353590.KS,오토앤,코스피
200350.KS,아티스트스튜디오,코스피
403360.KS,라피치,코스피
254160.KS,제이엠멀티,코스피
404990.KS,신한서부티엔디리츠,코스피
199800.KS,툴젠,코스피
396690.KS,미래에셋글로벌리츠,코스피
402420.KS,켈스,코스피
402340.KS,SK스퀘어,코스피
377480.KS,마음AI,코스피
361570.KS,알비더블유,코스피
400760.KS,NH올원리츠,코스피
222160.KS,NPX,코스피
290090.KS,트윔,코스피
372800.KS,아이티아이즈,코스피
311320.KS,지오엘리먼트,코스피
357880.KS,SKAI,코스피
376300.KS,디어유,코스피
389030.KS,지니너스,코스피
377300.KS,카카오페이,코스피
376180.KS,피코그램,코스피
348370.KS,엔켐,코스피
377450.KS,리파인,코스피
382800.KS,지앤비에스 에코,코스피
114840.KS,아이패밀리에스씨,코스피
261780.KS,차백신연구소,코스피
382480.KS,지아이텍,코스피
391710.KS,코닉오토메이션,코스피
381970.KS,케이카,코스피
376290.KS,씨유테크,코스피
159010.KS,아스플로,코스피
382840.KS,원준,코스피
257720.KS,실리콘투,코스피
260970.KS,에스앤디,코스피
377220.KS,프롬바이오,코스피
329180.KS,HD현대중공업,코스피
395400.KS,SK리츠,코스피
273640.KS,와이엠텍,코스피
203400.KS,에이비온,코스피
388790.KS,라이콤,코스피
271940.KS,일진하이솔루스,코스피
377190.KS,디앤디플랫폼리츠,코스피
308080.KS,바이젠셀,코스피
139990.KS,아주스틸,코스피
315640.KS,딥노이드,코스피
372910.KS,한컴라이프케어,코스피
367000.KS,플래티어,코스피
376980.KS,원티드랩,코스피
259960.KS,크래프톤,코스피
195940.KS,HK이노엔,코스피
178920.KS,PI첨단소재,코스피
323410.KS,카카오뱅크,코스피
270660.KS,에브리봇,코스피
377030.KS,비트맥스,코스피
365270.KS,큐라클,코스피
137310.KS,에스디바이오센서,코스피
352910.KS,오비고,코스피
357580.KS,아모센스,코스피
318660.KS,타임기술,코스피
303530.KS,이노뎁,코스피
232680.KS,라온테크,코스피
379390.KS,이성씨엔아이,코스피
187660.KS,현대ADM,코스피
383310.KS,에코프로에이치엔,코스피
383800.KS,LX홀딩스,코스피
363250.KS,진시스템,코스피
276730.KS,한울앤제주,코스피
383220.KS,F&F,코스피
361670.KS,삼영에스앤씨,코스피
252990.KS,샘씨엔에스,코스피
352480.KS,씨앤씨인터내셔널,코스피
357230.KS,에이치피오,코스피
361610.KS,SK아이이테크놀로지,코스피
294570.KS,쿠콘,코스피
351330.KS,이삭엔지니어링,코스피
333620.KS,엔시스,코스피
289220.KS,자이언트스텝,코스피
361390.KS,제노코,코스피
347700.KS,스피어,코스피
302440.KS,SK바이오사이언스,코스피
314930.KS,바이오다인,코스피
950220.KS,네오이뮨텍,코스피
378850.KS,화승알앤에이,코스피
356890.KS,싸이버원,코스피
334970.KS,프레스티지바이오로직스,코스피
247660.KS,나노씨엠에스,코스피
338220.KS,뷰노,코스피
373200.KS,엑스플러스,코스피
340930.KS,유일에너테크,코스피
189330.KS,씨이랩,코스피
322310.KS,오로스테크놀로지,코스피
239890.KS,피엔에이치테크,코스피
363260.KS,모비데이즈,코스피
262840.KS,아이퀘스트,코스피
950210.KS,프레스티지바이오파마,코스피
277810.KS,레인보우로보틱스,코스피
321820.KS,아티스트컴퍼니,코스피
248070.KS,솔루엠,코스피
163730.KS,핑거,코스피
348030.KS,모비릭스,코스피
352700.KS,씨앤투스,코스피
375500.KS,DL이앤씨,코스피
236810.KS,엔비티,코스피
368770.KS,파이버프로,코스피
257990.KS,나우코스,코스피
253610.KS,루트락,코스피
365550.KS,ESR켄달스퀘어리츠,코스피
369370.KS,블리츠웨이엔터테인먼트,코스피
357550.KS,석경에이티,코스피
314130.KS,지놈앤컴퍼니,코스피
335810.KS,프리시젼바이오,코스피
347860.KS,알체라,코스피
365590.KS,하이딥,코스피
356860.KS,티엘비,코스피
352940.KS,인바이오,코스피
354200.KS,엔젠바이오,코스피
317690.KS,퀀타매트릭스,코스피
352770.KS,셀레스트라,코스피
318020.KS,포인트모바일,코스피
129890.KS,앱코,코스피
265740.KS,엔에프씨,코스피
199820.KS,제일일렉트릭,코스피
299030.KS,하나기술,코스피
244920.KS,에이플러스에셋,코스피
340570.KS,티앤엘,코스피
348150.KS,고바이오랩,코스피
330860.KS,네패스아크,코스피
339770.KS,교촌에프앤비,코스피
290690.KS,소룩스,코스피
348350.KS,위드텍,코스피
347000.KS,센코,코스피
301300.KS,바이브컴퍼니,코스피
122830.KS,원포유,코스피
214610.KS,더바이오메드,코스피
304840.KS,피플바이오,코스피
352820.KS,하이브,코스피
348210.KS,넥스틴,코스피
126340.KS,비나텍,코스피
359090.KS,씨엔알리서치,코스피
323990.KS,박셀바이오,코스피
363280.KS,티와이홀딩스,코스피
318410.KS,비비씨,코스피
355150.KS,코스텍시스,코스피
347770.KS,핌스,코스피
291650.KS,압타머사이언스,코스피
294090.KS,이오플로우,코스피
293490.KS,카카오게임즈,코스피
347740.KS,피엔케이피부임상연구센타,코스피
357120.KS,코람코라이프인프라리츠,코스피
332370.KS,아이디피,코스피
331920.KS,셀레믹스,코스피
950190.KS,고스트스튜디오,코스피
337930.KS,젝시믹스,코스피
348950.KS,제이알글로벌리츠,코스피
357780.KS,솔브레인,코스피
357250.KS,미래에셋맵스리츠,코스피
350520.KS,이지스레지던스리츠,코스피
332570.KS,PS일렉트로닉스,코스피
101360.KS,에코앤드림,코스피
347890.KS,엠투아이,코스피
298540.KS,더네이쳐홀딩스,코스피
225220.KS,제놀루션,코스피
304100.KS,솔트룩스,코스피
266470.KS,바이오인프라생명과학,코스피
277880.KS,티에스아이,코스피
262260.KS,에이프로,코스피
334890.KS,이지스밸류플러스리츠,코스피
950200.KS,소마젠,코스피
290520.KS,신도기연,코스피
330350.KS,위더스제약,코스피
326030.KS,에스케이바이오팜,코스피
169330.KS,엠브레인,코스피
229000.KS,젠큐릭스,코스피
322970.KS,무진메디,코스피
297890.KS,HB솔루션,코스피
351320.KS,넥사다이내믹스,코스피
298060.KS,에스씨엠생명과학,코스피
353190.KS,휴럼,코스피
353810.KS,이지바이오,코스피
223250.KS,드림씨아이에스,코스피
353200.KS,대덕전자,코스피
343090.KS,HLB사이언스,코스피
198080.KS,캐프,코스피
237820.KS,플레이디,코스피
204270.KS,제이앤티씨,코스피
274090.KS,켄코아에어로스페이스,코스피
294140.KS,레몬,코스피
294630.KS,서남,코스피
344820.KS,케이씨씨글라스,코스피
340440.KS,세림B&G,코스피
341310.KS,이앤에치,코스피
311690.KS,CJ 바이오사이언스,코스피
238170.KS,엔에스엠,코스피
327260.KS,RF머트리얼즈,코스피
339950.KS,아이비김영,코스피
288330.KS,브릿지바이오,코스피
340360.KS,다보링크,코스피
235980.KS,메드팩토,코스피
336570.KS,원텍,코스피
226330.KS,신테카바이오,코스피
322510.KS,제이엘케이,코스피
124560.KS,태웅로직스,코스피
335870.KS,윙스풋,코스피
317860.KS,노드메이슨,코스피
302550.KS,리메드,코스피
338100.KS,NH프라임리츠,코스피
335890.KS,비올,코스피
336040.KS,타스컴,코스피
250030.KS,진코스텍,코스피
336060.KS,웨이버스,코스피
337840.KS,유엑스엔,코스피
278650.KS,HLB바이오스텝,코스피
308170.KS,씨티알모빌리티,코스피
321550.KS,티움바이오,코스피
297090.KS,씨에스베어링,코스피
103840.KS,우양,코스피
190650.KS,코리아에셋투자증권,코스피
322000.KS,HD현대에너지솔루션,코스피
306040.KS,에스제이그룹,코스피
216080.KS,제테마,코스피
272210.KS,한화시스템,코스피
214260.KS,라파스,코스피
333430.KS,일승,코스피
317400.KS,자이에스앤디,코스피
279600.KS,미디어젠,코스피
322180.KS,LS티라유텍,코스피
333050.KS,모코엠시스,코스피
330590.KS,롯데리츠,코스피
331520.KS,밸로프,코스피
317530.KS,캐리소프트,코스피
331660.KS,한국미라클피플사,코스피
272110.KS,케이엔제이,코스피
317870.KS,엔바이오니아,코스피
318010.KS,팜스빌,코스피
336260.KS,두산퓨얼셀,코스피
300120.KS,라온피플,코스피
336370.KS,솔루스첨단소재,코스피
158430.KS,아톤,코스피
234690.KS,녹십자웰빙,코스피
332290.KS,누보,코스피
331380.KS,포커스에이아이,코스피
244460.KS,올리패스,코스피
317120.KS,라닉스,코스피
320000.KS,한울반도체,코스피
256150.KS,한독크린텍,코스피
149300.KS,아퓨어스,코스피
311390.KS,네오크레마,코스피
195500.KS,마니커에프앤지,코스피
328380.KS,솔트웨어,코스피
286750.KS,나노실리칸첨단소재,코스피
317830.KS,에스피시스템스,코스피
228670.KS,레이,코스피
186230.KS,그린플러스,코스피
282880.KS,코윈테크,코스피
317330.KS,덕산테코피아,코스피
318000.KS,KBG,코스피
317770.KS,엑스페릭스,코스피
148150.KS,세경하이테크,코스피
313760.KS,캐리,코스피
317850.KS,대모,코스피
241840.KS,에이스토리,코스피
300080.KS,플리토,코스피
234340.KS,헥토파이낸셜,코스피
289010.KS,아이스크림에듀,코스피
327610.KS,펨토바이오메드,코스피
251970.KS,펌텍코리아,코스피
312610.KS,에이에프더블류,코스피
323280.KS,태성,코스피
293780.KS,압타바이오,코스피
308100.KS,형지글로벌,코스피
305090.KS,마이크로디지탈,코스피
322780.KS,코퍼스코리아,코스피
321260.KS,프로이천,코스피
253840.KS,수젠텍,코스피
307930.KS,컴퍼니케이,코스피
319660.KS,피에스케이,코스피
319400.KS,현대무벡스,코스피
317240.KS,TS트릴리온,코스피
279060.KS,이노벡스,코스피
125210.KS,아모그린텍,코스피
307950.KS,현대오토에버,코스피
228760.KS,지노믹트리,코스피
100790.KS,미래에셋벤처투자,코스피
192650.KS,드림텍,코스피
192080.KS,더블유게임즈,코스피
247540.KS,에코프로비엠,코스피
299660.KS,셀리드,코스피
316140.KS,우리금융지주,코스피
278280.KS,천보,코스피
246960.KS,SCL사이언스,코스피
104620.KS,노랑풍선,코스피
311060.KS,엘에이티,코스피
298690.KS,에어부산,코스피
238200.KS,비피도,코스피
263050.KS,유틸렉스,코스피
290550.KS,디케이티,코스피
307180.KS,아이엘,코스피
310200.KS,애니플러스,코스피
308700.KS,테크엔,코스피
310870.KS,디와이씨,코스피
309930.KS,오하임앤컴퍼니,코스피
299900.KS,위지윅스튜디오,코스피
307750.KS,국전약품,코스피
298380.KS,에이비엘바이오,코스피
100590.KS,머큐리,코스피
110020.KS,전진바이오팜,코스피
270870.KS,뉴트리,코스피
307870.KS,비투엔,코스피
302430.KS,이노메트리,코스피
290120.KS,DH오토리드,코스피
128540.KS,에코캡,코스피
307280.KS,원바이오젠,코스피
900340.KS,윙입푸드,코스피
111710.KS,남화산업,코스피
179290.KS,엠아이텍,코스피
117730.KS,티로보틱스,코스피
290660.KS,네오펙트,코스피
207490.KS,에이펙스인텍,코스피
246710.KS,티앤알바이오팹,코스피
288490.KS,나라소프트,코스피
267850.KS,아시아나IDT,코스피
263690.KS,디알젬,코스피
217330.KS,싸이토젠,코스피
208340.KS,파멥신,코스피
263020.KS,디케이앤디,코스피
227100.KS,퀀텀온,코스피
194700.KS,노바렉스,코스피
290670.KS,대보마그네틱,코스피
285490.KS,노바텍,코스피
290650.KS,엘앤씨바이오,코스피
306620.KS,네온테크,코스피
108490.KS,로보티즈,코스피
153710.KS,옵티팜,코스피
288620.KS,에스퓨얼셀,코스피
306200.KS,세아제강,코스피
293580.KS,나우IB,코스피
290720.KS,푸드나무,코스피
293480.KS,하나제약,코스피
110790.KS,크리스에프앤씨,코스피
299170.KS,더블유에스아이,코스피
219750.KS,한국비티비,코스피
291230.KS,엔피,코스피
257370.KS,피엔티엠에스,코스피
140610.KS,엔솔바이오사이언스,코스피
197140.KS,디지캡,코스피
303030.KS,지니틱스,코스피
290740.KS,액트로,코스피
173130.KS,오파스넷,코스피
302920.KS,더콘텐츠온,코스피
290380.KS,대유,코스피
293940.KS,신한알파리츠,코스피
110990.KS,디아이티,코스피
275630.KS,에스에스알,코스피
300720.KS,한일시멘트,코스피
290270.KS,휴네시온,코스피
286940.KS,롯데이노베이트,코스피
204020.KS,그리티,코스피
297570.KS,알로이스,코스피
226950.KS,올릭스,코스피
298050.KS,HS효성첨단소재,코스피
258050.KS,테크트랜스,코스피
298040.KS,효성중공업,코스피
298020.KS,효성티앤씨,코스피
298000.KS,효성화학,코스피
175250.KS,아이큐어,코스피
289080.KS,SV인베스트먼트,코스피
276240.KS,엘리비젼,코스피
299480.KS,지앤이헬스케어,코스피
245620.KS,EDGC,코스피
294870.KS,HDC현대산업개발,코스피
284620.KS,카이노스메드,코스피
258830.KS,세종메디칼,코스피
122310.KS,제노레이,코스피
217910.KS,에스제이켐,코스피
950170.KS,JTC,코스피
253590.KS,네오셈,코스피
263700.KS,케어랩스,코스피
277070.KS,린드먼아시아,코스피
226400.KS,오스테오닉,코스피
183490.KS,엔지켐생명과학,코스피
154030.KS,아시아종묘,코스피
260660.KS,알리코제약,코스피
219420.KS,링크제니시스,코스피
267790.KS,배럴,코스피
255220.KS,SG,코스피
264660.KS,씨앤지하이테크,코스피
284740.KS,쿠쿠홈시스,코스피
285130.KS,SK케미칼,코스피
269620.KS,시스웍,코스피
187870.KS,디바이스,코스피
236030.KS,씨알푸드,코스피
281740.KS,레이크머티리얼즈,코스피
282330.KS,BGF리테일,코스피
272450.KS,진에어,코스피
260930.KS,씨티케이,코스피
241770.KS,메카로,코스피
234300.KS,에스트래픽,코스피
281820.KS,케이씨텍,코스피
272550.KS,삼양패키징,코스피
253450.KS,스튜디오드래곤,코스피
950160.KS,코오롱티슈진,코스피
278990.KS,EMB,코스피
280360.KS,롯데웰푸드,코스피
180060.KS,탑선,코스피
265560.KS,영화테크,코스피
234100.KS,폴라리스세원,코스피
263810.KS,상신전자,코스피
255440.KS,야스,코스피
277410.KS,인산가,코스피
263920.KS,휴엠앤씨,코스피
243840.KS,신흥에스이씨,코스피
179900.KS,유티아이,코스피
171090.KS,선익시스템,코스피
259630.KS,엠플러스,코스피
174900.KS,앱클론,코스피
263750.KS,펄어비스,코스피
256940.KS,킵스파마,코스피
260870.KS,SK시그넷,코스피
263600.KS,덕우전자,코스피
270520.KS,앱트뉴로사이언스,코스피
258610.KS,케일럼,코스피
140670.KS,알에스오토메이션,코스피
900310.KS,컬러레이,코스피
273060.KS,와이즈버즈,코스피
118990.KS,모트렉스,코스피
263800.KS,데이타솔루션,코스피
263860.KS,지니언스,코스피
263720.KS,디앤씨미디어,코스피
162120.KS,루켄테크놀러지스,코스피
238490.KS,힘스,코스피
271980.KS,제일약품,코스피
251630.KS,브이원텍,코스피
227610.KS,아우딘퓨쳐스,코스피
272290.KS,이녹스첨단소재,코스피
271560.KS,오리온,코스피
261200.KS,덴티스,코스피
233250.KS,메디안디노스틱,코스피
267320.KS,나인테크,코스피
270210.KS,에스알바이오텍,코스피
266170.KS,뿌리깊은나무들,코스피
250000.KS,보라티알,코스피
267980.KS,매일유업,코스피
225190.KS,LK삼양,코스피
264850.KS,이랜시스,코스피
161580.KS,필옵틱스,코스피
268280.KS,미원에스씨,코스피
267290.KS,경동도시가스,코스피
251270.KS,넷마블,코스피
267250.KS,HD현대,코스피
267270.KS,HD현대건설기계,코스피
267260.KS,HD현대일렉트릭,코스피
256630.KS,포인트엔지니어링,코스피
166090.KS,하나머티리얼즈,코스피
258790.KS,소프트캠프,코스피
251370.KS,와이엠티,코스피
266870.KS,파워풀엑스,코스피
264900.KS,크라운제과,코스피
265520.KS,AP시스템,코스피
263770.KS,유에스티,코스피
264450.KS,유비쿼스,코스피
178320.KS,서진시스템,코스피
183300.KS,코미코,코스피
246720.KS,아스타,코스피
145720.KS,덴티움,코스피
217480.KS,에스디생명공학,코스피
241820.KS,피씨엘,코스피
111110.KS,호전실업,코스피
140070.KS,서플러스글로벌,코스피
206650.KS,유바이오로직스,코스피
227420.KS,도부,코스피
256840.KS,한국비엔씨,코스피
241520.KS,DSC인베스트먼트,코스피
246690.KS,TS인베스트먼트,코스피
147760.KS,피엠티,코스피
199290.KS,바이오프로테크,코스피
196300.KS,HLB펩,코스피
203450.KS,유니온바이오메트릭스,코스피
215600.KS,신라젠,코스피
254120.KS,자비스,코스피
143210.KS,핸즈코퍼레이션,코스피
241790.KS,티이엠씨씨엔에스,코스피
220100.KS,퓨쳐켐,코스피
144960.KS,뉴파워프라즈마,코스피
156100.KS,엘앤케이바이오,코스피
220180.KS,핸디소프트,코스피
241560.KS,두산밥캣,코스피
207940.KS,삼성바이오로직스,코스피
237880.KS,클리오,코스피
900300.KS,오가닉티코스메틱,코스피
238120.KS,얼라인드,코스피
252500.KS,세화피앤씨,코스피
243870.KS,아이티센코어,코스피
216050.KS,인크로스,코스피
239610.KS,에이치엘사이언스,코스피
241710.KS,코스메카코리아,코스피
234080.KS,JW생명과학,코스피
900290.KS,GRT,코스피
251280.KS,안지오랩,코스피
189300.KS,인텔리안테크,코스피
950140.KS,잉글우드랩,코스피
238090.KS,앤디포스,코스피
201490.KS,미투온,코스피
241590.KS,화승엔터프라이즈,코스피
250930.KS,예선테크,코스피
229640.KS,LS에코에너지,코스피
204210.KS,스타에스엠리츠,코스피
241690.KS,유니테크노,코스피
250060.KS,모비스,코스피
242040.KS,나무기술,코스피
234920.KS,자이글,코스피
249420.KS,일동제약,코스피
900270.KS,헝셩그룹,코스피
248170.KS,샘표식품,코스피
230360.KS,에코마케팅,코스피
191600.KS,블루탑,코스피
208860.KS,엔지스테크널러지,코스피
212310.KS,오건에코텍,코스피
123010.KS,아이윈플러스,코스피
174880.KS,장원테크,코스피
123890.KS,한국자산신탁,코스피
142760.KS,모아라이프플러스,코스피
237750.KS,피앤씨테크,코스피
900260.KS,로스웰,코스피
245450.KS,씨앤에스링크,코스피
195870.KS,해성디에스,코스피
237690.KS,에스티팜,코스피
144510.KS,지씨셀,코스피
148250.KS,알엔투테크놀로지,코스피
208850.KS,이비테크,코스피
239340.KS,이스트에이드,코스피
243070.KS,휴온스,코스피
244880.KS,나눔테크,코스피
112190.KS,KC산업,코스피
101530.KS,해태제과식품,코스피
240810.KS,원익IPS,코스피
238500.KS,로보쓰리에이아이,코스피
228850.KS,레이언스,코스피
228340.KS,동양파일,코스피
222110.KS,팬젠,코스피
211270.KS,AP위성,코스피
230980.KS,비유테크놀러지,코스피
115180.KS,큐리언트,코스피
236200.KS,슈프리마,코스피
194370.KS,제이에스코퍼레이션,코스피
142210.KS,유니트론텍,코스피
900250.KS,크리스탈신소재,코스피
236340.KS,메디젠휴먼케어,코스피
206950.KS,볼빅,코스피
232530.KS,이엠티,코스피
224060.KS,더코디,코스피
109610.KS,에스와이,코스피
233990.KS,질경이,코스피
226320.KS,잇츠한불,코스피
215570.KS,크로넥스,코스피
223310.KS,딥마인드,코스피
232140.KS,와이씨,코스피
191410.KS,육일씨엔에쓰,코스피
145020.KS,휴젤,코스피
222980.KS,한국맥널티,코스피
206560.KS,덱스터,코스피
217730.KS,강스템바이오텍,코스피
234070.KS,에이원알폼,코스피
133750.KS,메가엠디,코스피
225530.KS,보광산업,코스피
140860.KS,파크시스템스,코스피
230240.KS,에치에프알,코스피
122640.KS,예스티,코스피
222040.KS,코스맥스엔비티,코스피
217820.KS,원익피앤이,코스피
221840.KS,하이즈항공,코스피
180400.KS,DXVX,코스피
221980.KS,케이디켐,코스피
212560.KS,네오오토,코스피
227950.KS,엔투텍,코스피
214370.KS,케어젠,코스피
185490.KS,아이진,코스피
190510.KS,나무가,코스피
214330.KS,금호에이치티,코스피
226340.KS,본느,코스피
217950.KS,파마리서치바이오,코스피
229500.KS,노브메타파마,코스피
182400.KS,엔케이맥스,코스피
227840.KS,현대코퍼레이션홀딩스,코스피
226360.KS,KH 건설,코스피
224810.KS,엄지하우스,코스피
200580.KS,메디쎄이,코스피
225430.KS,케이엠제약,코스피
225590.KS,패션플랫폼,코스피
225570.KS,넥슨게임즈,코스피
217190.KS,제너셈,코스피
219130.KS,타이거일렉,코스피
175140.KS,휴먼테크놀로지,코스피
222080.KS,씨아이에스,코스피
224110.KS,에이텍모빌리티,코스피
196700.KS,웹스,코스피
131760.KS,파인텍,코스피
222810.KS,세토피아,코스피
222800.KS,심텍,코스피
189980.KS,흥국에프엔비,코스피
222420.KS,쎄노텍,코스피
127710.KS,아시아경제,코스피
224760.KS,엔에스컴퍼니,코스피
214430.KS,아이쓰리시스템,코스피
222670.KS,플럼라인생명과학,코스피
220260.KS,켐트로스,코스피
214450.KS,파마리서치,코스피
219550.KS,디와이디,코스피
214320.KS,이노션,코스피
214420.KS,토니모리,코스피
223220.KS,로지스몬,코스피
218410.KS,RFHIC,코스피
178780.KS,일월지엠엘,코스피
214180.KS,헥토이노베이션,코스피
214390.KS,경보제약,코스피
216400.KS,인바이츠바이오코아,코스피
166480.KS,코아스템켐온,코스피
210980.KS,SK디앤디,코스피
103660.KS,씨앗,코스피
177350.KS,베셀,코스피
217270.KS,넵튠,코스피
218150.KS,미래생명자원,코스피
160980.KS,싸이맥스,코스피
217500.KS,러셀,코스피
217620.KS,선샤인푸드,코스피
187420.KS,HLB제넥스,코스피
217880.KS,틸론,코스피
215380.KS,우정바이오,코스피
215480.KS,토박스코리아,코스피
215790.KS,이노인스트루먼트,코스피
215360.KS,우리산업,코스피
215200.KS,메가스터디교육,코스피
217320.KS,썬테크,코스피
215090.KS,솔디펜스,코스피
215100.KS,로보로보,코스피
214680.KS,디알텍,코스피
195990.KS,에이비프로바이오,코스피
215000.KS,골프존,코스피
214150.KS,클래시스,코스피
214270.KS,FSN,코스피
145210.KS,다이나믹디자인,코스피
189690.KS,포시에스,코스피
213420.KS,덕산네오룩스,코스피
213500.KS,한솔제지,코스피
210540.KS,디와이파워,코스피
193250.KS,링크드,코스피
206640.KS,바디텍메드,코스피
204630.KS,스튜디오산타클로스,코스피
208640.KS,썸에이지,코스피
200470.KS,에이팩트,코스피
200670.KS,휴메딕스,코스피
189860.KS,서전기전,코스피
208350.KS,지란지교시큐리티,코스피
208710.KS,포톤,코스피
160550.KS,NEW,코스피
124500.KS,아이티센글로벌,코스피
208890.KS,미래엔에듀파트너,코스피
142280.KS,녹십자엠에스,코스피
187220.KS,디티앤씨,코스피
208370.KS,셀바스헬스케어,코스피
208140.KS,정다운,코스피
149980.KS,하이로닉,코스피
200710.KS,에이디테크놀로지,코스피
200780.KS,비씨월드제약,코스피
207760.KS,미스터블루,코스피
196170.KS,알테오젠,코스피
206400.KS,베노티앤알,코스피
140520.KS,대창스틸,코스피
173940.KS,에프엔씨엔터,코스피
205470.KS,휴마시스,코스피
112610.KS,씨에스윈드,코스피
200230.KS,텔콘RF제약,코스피
204840.KS,지엘팜텍,코스피
204620.KS,글로벌텍스프리,코스피
196490.KS,디에이테크놀로지,코스피
149010.KS,아이케이세미콘,코스피
205500.KS,넥써쓰,코스피
205100.KS,엑셈,코스피
191420.KS,테고사이언스,코스피
192440.KS,슈피겐코리아,코스피
143540.KS,영우디에스피,코스피
121060.KS,유니포인트,코스피
203650.KS,드림시큐리티,코스피
204320.KS,HL만도,코스피
194480.KS,데브시스터즈,코스피
203690.KS,아크솔루션스,코스피
192410.KS,오늘이엔엠,코스피
198440.KS,강동씨앤엘,코스피
202960.KS,판도라티비,코스피
200880.KS,서연이화,코스피
187270.KS,신화콘텍,코스피
192400.KS,쿠쿠홀딩스,코스피
177830.KS,파버나인,코스피
192390.KS,윈하이텍,코스피
200130.KS,콜마비앤에이치,코스피
133820.KS,화인베스틸,코스피
105550.KS,엣지파운드리,코스피
136660.KS,큐엠씨,코스피
199150.KS,데이터스트림즈,코스피
196450.KS,코아시아씨엠,코스피
187790.KS,나노,코스피
192250.KS,케이사인,코스피
192820.KS,코스맥스,코스피
138080.KS,오이솔루션,코스피
154040.KS,다산솔루에타,코스피
140660.KS,위월드,코스피
189350.KS,코셋,코스피
184230.KS,SGA솔루션즈,코스피
178600.KS,대동고려삼,코스피
150840.KS,인트로메딕,코스피
185750.KS,종근당,코스피
170030.KS,현대공업,코스피
134580.KS,탑코미디어,코스피
182360.KS,큐브엔터,코스피
171120.KS,라이온켐텍,코스피
171010.KS,램테크놀러지,코스피
138360.KS,협진,코스피
183190.KS,아세아시멘트,코스피
168330.KS,내츄럴엔도텍,코스피
185190.KS,수프로,코스피
131970.KS,두산테스나,코스피
150900.KS,파수,코스피
170920.KS,엘티씨,코스피
119850.KS,지엔씨에너지,코스피
180640.KS,한진칼,코스피
181710.KS,엔에이치엔,코스피
130500.KS,GH신소재,코스피
170790.KS,파이오링크,코스피
151860.KS,KG에코솔루션,코스피
175330.KS,JB금융지주,코스피
114920.KS,대주이엔티,코스피
179720.KS,머니무브,코스피
116100.KS,태양기계,코스피
950130.KS,엑세스바이오,코스피
155660.KS,DSR,코스피
141080.KS,리가켐바이오,코스피
170900.KS,동아에스티,코스피
104540.KS,코렌텍,코스피
159580.KS,제로투세븐,코스피
114810.KS,한솔아이원스,코스피
153490.KS,우리이앤엘,코스피
159910.KS,에코글로우,코스피
950110.KS,SBI핀테크솔루션즈,코스피
113810.KS,디젠스,코스피
155650.KS,와이엠씨,코스피
149950.KS,아바텍,코스피
163560.KS,동일고무벨트,코스피
161890.KS,한국콜마,코스피
161390.KS,한국타이어앤테크놀로지,코스피
121850.KS,코이즈,코스피
161000.KS,애경케미칼,코스피
151910.KS,퓨처코어,코스피
153460.KS,네이블,코스피
106520.KS,노블엠앤비,코스피
137400.KS,피엔티,코스피
141000.KS,비아트론,코스피
152550.KS,한국ANKOR유전,코스피
143240.KS,사람인,코스피
147830.KS,제룡산업,코스피
145270.KS,케이탑리츠,코스피
140410.KS,메지온,코스피
104830.KS,원익머트리얼즈,코스피
127120.KS,제이에스링크,코스피
130580.KS,나이스디앤비,코스피
131090.KS,시큐브,코스피
100660.KS,서암기계공업,코스피
129260.KS,인터지스,코스피
115480.KS,씨유메디칼,코스피
145990.KS,삼양사,코스피
139670.KS,키네마스터,코스피
121800.KS,비덴트,코스피
138070.KS,신진에스엠,코스피
123570.KS,이엠넷,코스피
122870.KS,와이지엔터테인먼트,코스피
101240.KS,씨큐브,코스피
115530.KS,씨엔플러스,코스피
131220.KS,대한과학,코스피
143160.KS,아이디스,코스피
137950.KS,제이씨케미칼,코스피
123330.KS,제닉,코스피
139050.KS,BF랩스,코스피
140910.KS,에이리츠,코스피
138610.KS,나이벡,코스피
109080.KS,옵티시스,코스피
108380.KS,대양전기공업,코스피
138490.KS,코오롱ENP,코스피
137940.KS,넥스트아이,코스피
131100.KS,티엔엔터테인먼트,코스피
139480.KS,이마트,코스피
139130.KS,iM금융지주,코스피
122450.KS,KX,코스피
121440.KS,골프존홀딩스,코스피
138040.KS,메리츠금융지주,코스피
136540.KS,윈스테크넷,코스피
136480.KS,하림,코스피
134060.KS,이퓨쳐,코스피
104480.KS,티케이케미칼,코스피
138930.KS,BNK금융지주,코스피
136490.KS,선진,코스피
134380.KS,미원화학,코스피
121600.KS,나노신소재,코스피
130740.KS,티피씨글로벌,코스피
131180.KS,딜리,코스피
126880.KS,제이엔케이글로벌,코스피
134790.KS,시디즈,코스피
131370.KS,알서포트,코스피
131290.KS,티에스이,코스피
131400.KS,이브이첨단소재,코스피
117580.KS,대성에너지,코스피
126560.KS,현대퓨처넷,코스피
120240.KS,대정화금,코스피
130660.KS,한전산업,코스피
128660.KS,피제이메탈,코스피
131030.KS,옵투스제약,코스피
900140.KS,엘브이엠씨,코스피
126600.KS,BGF에코머티리얼즈,코스피
105740.KS,디케이락,코스피
123420.KS,위메이드플레이,코스피
111870.KS,KH 미래물산,코스피
123860.KS,아나패스,코스피
119830.KS,아이텍,코스피
101930.KS,인화정공,코스피
123840.KS,뉴온,코스피
117670.KS,알파칩스,코스피
119500.KS,포메탈,코스피
122990.KS,와이솔,코스피
126700.KS,하이비젼시스템,코스피
126640.KS,화신정공,코스피
123410.KS,코리아에프티,코스피
123040.KS,엠에스오토텍,코스피
128820.KS,대성산업,코스피
122900.KS,아이마켓코리아,코스피
128940.KS,한미약품,코스피
119610.KS,인터로조,코스피
106190.KS,하이텍팜,코스피
105840.KS,우진,코스피
121890.KS,에스디시스템,코스피
123750.KS,알톤,코스피
102460.KS,이연제약,코스피
123690.KS,한국화장품,코스피
123700.KS,에스제이엠,코스피
122690.KS,서진오토모티브,코스피
100030.KS,인지소프트,코스피
900110.KS,이스트아시아홀딩스,코스피
900100.KS,애머릿지,코스피
115500.KS,케이씨에스,코스피
900120.KS,씨엑스아이,코스피
115450.KS,HLB테라퓨틱스,코스피
122350.KS,삼기,코스피
115610.KS,이미지스,코스피
120030.KS,조선선재,코스피
115310.KS,인포바인,코스피
106080.KS,케이이엠텍,코스피
101330.KS,모베이스,코스피
120110.KS,코오롱인더,코스피
119650.KS,KC코트렐,코스피
115570.KS,스타플렉스,코스피
115440.KS,우리넷,코스피
114630.KS,폴라리스우노,코스피
118000.KS,메타케어,코스피
900070.KS,글로벌에스엠,코스피
114450.KS,그린생명과학,코스피
104460.KS,디와이피엔에프,코스피
112040.KS,위메이드,코스피
108860.KS,셀바스AI,코스피
114190.KS,강원에너지,코스피
114090.KS,GKL,코스피
115160.KS,휴맥스,코스피
109960.KS,AP헬스케어,코스피
101000.KS,KS인더스트리,코스피
109820.KS,진매트릭스,코스피
104200.KS,NHN벅스,코스피
105330.KS,케이엔더블유,코스피
109740.KS,디에스케이,코스피
108230.KS,톱텍,코스피
100130.KS,동국S&C,코스피
103230.KS,에스앤더블류,코스피
111770.KS,영원무역,코스피
109860.KS,동일금속,코스피
102120.KS,어보브반도체,코스피
101730.KS,위메이드맥스,코스피
102710.KS,이엔에프테크놀로지,코스피
101680.KS,한국정밀기계,코스피
101170.KS,우림피티에스,코스피
108670.KS,LX하우시스,코스피
101490.KS,에스앤에스텍,코스피
100120.KS,뷰웍스,코스피
102940.KS,코오롱생명과학,코스피
101400.KS,엔시트론,코스피
105630.KS,한세실업,코스피
109070.KS,주성코퍼레이션,코스피
106240.KS,파인테크닉스,코스피
107590.KS,미원홀딩스,코스피
104040.KS,대성파인텍,코스피
105560.KS,KB금융,코스피
100700.KS,세운메디칼,코스피
104700.KS,한국철강,코스피
103590.KS,일진전기,코스피
103140.KS,풍산,코스피
101390.KS,아이엠,코스피
101670.KS,하이드로리튬,코스피
100220.KS,비상교육,코스피
102260.KS,동성케미컬,코스피
101160.KS,월덱스,코스피
102280.KS,쌍방울,코스피
101140.KS,인바이오젠,코스피
100840.KS,SNT에너지,코스피
100250.KS,진양홀딩스,코스피
